{"train/loss": 0.5423, "train/learning_rate": 0.0008886610701440647, "train/epoch": 0.96, "train/global_step": 186, "_timestamp": 1726497349.1027079, "_runtime": 3728.52512383461, "_step": 185}