{"train/loss": 10.319, "train/learning_rate": 3.0534351145038166e-05, "train/epoch": 0.0, "train/global_step": 4, "_timestamp": 1726554185.9475794, "_runtime": 76.11038446426392, "_step": 3}