{"train/loss": 2.5838, "train/learning_rate": 2.5e-05, "train/epoch": 0.02, "train/global_step": 3, "_timestamp": 1726725652.7142649, "_runtime": 118.95826196670532, "_step": 2}