{"train/loss": 2.6487, "train/learning_rate": 4.1666666666666665e-05, "train/epoch": 0.01, "train/global_step": 1, "_timestamp": 1726672458.3744776, "_runtime": 24.090977668762207, "_step": 0}