{"train/loss": 7.7822, "train/learning_rate": 1.5267175572519083e-05, "train/epoch": 0.0, "train/global_step": 2, "_timestamp": 1726562028.5785162, "_runtime": 39.15504431724548, "_step": 1}