{"train/loss": 8.266, "train/learning_rate": 2.2900763358778628e-05, "train/epoch": 0.0, "train/global_step": 3, "_timestamp": 1726575543.0835586, "_runtime": 109.46368861198425, "_step": 2}