{"train/loss": 0.2178, "train/learning_rate": 0.0, "train/epoch": 4.0, "train/global_step": 772, "_timestamp": 1726688288.6936247, "_runtime": 15365.26937866211, "_step": 772, "train/train_runtime": 15366.7192, "train/train_samples_per_second": 6.426, "train/train_steps_per_second": 0.05, "train/total_flos": 5.0187807370929766e+17, "train/train_loss": 0.33928437042653253, "_wandb": {"runtime": 15379}}