{"train/loss": 2.635, "train/learning_rate": 8.333333333333333e-05, "train/epoch": 0.01, "train/global_step": 2, "_timestamp": 1726672637.7249887, "_runtime": 43.812917709350586, "_step": 1}