{"train/loss": 4.062, "train/learning_rate": 7.633587786259542e-05, "train/epoch": 0.0, "train/global_step": 10, "_timestamp": 1726574190.1297307, "_runtime": 180.10560774803162, "_step": 9, "_wandb": {"runtime": 191}}