{"train/loss": 10.4857, "train/learning_rate": 3.0534351145038166e-05, "train/epoch": 0.0, "train/global_step": 4, "_timestamp": 1726500210.624126, "_runtime": 27.604272842407227, "_step": 3}