{"train/loss": 7.4715, "train/learning_rate": 1.5267175572519083e-05, "train/epoch": 0.0, "train/global_step": 2, "_timestamp": 1726567572.9342325, "_runtime": 39.69897651672363, "_step": 1}