{"train/loss": 8.5709, "train/learning_rate": 1.5267175572519083e-05, "train/epoch": 0.0, "train/global_step": 2, "_timestamp": 1726574555.9464896, "_runtime": 39.43053460121155, "_step": 1, "_wandb": {"runtime": 51}}