{"train/loss": 1.3958, "train/learning_rate": 1.5267175572519083e-05, "train/epoch": 0.0, "train/global_step": 2, "_timestamp": 1726670572.0052524, "_runtime": 40.53862142562866, "_step": 1}