{"train/loss": 6.7564, "train/learning_rate": 4.1666666666666665e-05, "train/epoch": 0.0, "train/global_step": 1, "_timestamp": 1726416222.6819148, "_runtime": 136.62167978286743, "_step": 0}