{"train/loss": 3.4685, "train/learning_rate": 0.00011450381679389313, "train/epoch": 0.0, "train/global_step": 15, "_timestamp": 1726573679.515356, "_runtime": 346.19978308677673, "_step": 14}