{"train/loss": 1.6858, "train/learning_rate": 5.833333333333334e-05, "train/epoch": 0.04, "train/global_step": 7, "_timestamp": 1726722998.4477541, "_runtime": 193.42003226280212, "_step": 6}