{"train/loss": 2.2113, "train/learning_rate": 4.166666666666667e-05, "train/epoch": 0.03, "train/global_step": 5, "_timestamp": 1726724696.141145, "_runtime": 101.72610187530518, "_step": 4, "_wandb": {"runtime": 114}}