{"train/loss": 2.2109, "train/learning_rate": 4.166666666666667e-05, "train/epoch": 0.03, "train/global_step": 5, "_timestamp": 1726723835.8958051, "_runtime": 101.48336911201477, "_step": 4, "_wandb": {"runtime": 113}}