{"train/loss": 1.3945, "train/learning_rate": 0.0, "train/epoch": 1.0, "train/global_step": 4360, "_timestamp": 1726654147.6926978, "_runtime": 77973.40976285934, "_step": 4360, "train/train_runtime": 77974.8158, "train/train_samples_per_second": 7.158, "train/train_steps_per_second": 0.056, "train/total_flos": 2.0239113036004065e+18, "train/train_loss": 1.5195245746899089, "_wandb": {"runtime": 77988}}