{"train/loss": 5.881, "train/learning_rate": 0.00010687022900763359, "train/epoch": 0.0, "train/global_step": 14, "_timestamp": 1726562353.9766562, "_runtime": 257.3769772052765, "_step": 13}