{"train/loss": 2.0346, "train/learning_rate": 0.0, "train/epoch": 1.0, "train/global_step": 4360, "_timestamp": 1726526658.1694689, "_runtime": 26371.00582098961, "_step": 4360, "train/train_runtime": 26372.4116, "train/train_samples_per_second": 21.163, "train/train_steps_per_second": 0.165, "train/total_flos": 2.0621841227505992e+18, "train/train_loss": 2.5750707233991097, "_wandb": {"runtime": 26370}}