{"train/loss": 0.9842, "train/learning_rate": 0.000998871470062288, "train/epoch": 0.05, "train/global_step": 10, "_timestamp": 1726671443.2384324, "_runtime": 192.31090235710144, "_step": 9}