{"train/loss": 0.3665, "train/learning_rate": 3.6115319434803894e-05, "train/epoch": 2.92, "train/global_step": 563, "_timestamp": 1726738706.7569273, "_runtime": 11215.629892349243, "_step": 562}