{"train/loss": 7.9136, "train/learning_rate": 2.2900763358778628e-05, "train/epoch": 0.0, "train/global_step": 3, "_timestamp": 1726575962.343737, "_runtime": 110.60929489135742, "_step": 2}