{"train/loss": 1.8504, "train/learning_rate": 5e-05, "train/epoch": 0.03, "train/global_step": 6, "_timestamp": 1726725246.2446141, "_runtime": 228.46103405952454, "_step": 5}