{"train/loss": 10.0449, "train/learning_rate": 0.00016666666666666666, "train/epoch": 0.02, "train/global_step": 4, "_timestamp": 1726499259.0197637, "_runtime": 53.99516463279724, "_step": 3}